number,created_at,html_url,state,fixed_at,dismissed_by,dismissed_at,dismissed_reason,rule_id,rule_severity,security_severity_level,rule_tags,rule_description,rule_name,tool_name,tool_version,most_recent_instance_ref,most_recent_instance_state,most_recent_instance_sha,instances_url,repo_name,repo_owner,repo_owner_type,repo_owner_isadmin,repo_url,repo_isfork,repo_isprivate
1,2025-02-28T20:27:03Z,https://github.com/mgil-lab-org/sample-django-app/security/code-scanning/1,open,,,,,py/url-redirection,error,medium,"['external/cwe/cwe-601', 'security']",URL redirection from remote source,py/url-redirection,CodeQL,2.20.5,refs/heads/main,open,19e8b0c46068adf83ef4e68a554341f3def689a1,https://api.github.com/repos/mgil-lab-org/sample-django-app/code-scanning/alerts/1/instances,mgil-lab-org/sample-django-app,mgil-lab-org,Organization,False,https://github.com/mgil-lab-org/sample-django-app,True,False
89,2025-02-28T18:57:04Z,https://github.com/mgil-lab-org/juice-shop/security/code-scanning/89,open,,,,,js/server-side-unvalidated-url-redirection,warning,medium,"['external/cwe/cwe-601', 'security']",Server-side URL redirect,js/server-side-unvalidated-url-redirection,CodeQL,2.20.5,refs/heads/master,open,73816ce0d77edd274da059e080e6ce6f761ef689,https://api.github.com/repos/mgil-lab-org/juice-shop/code-scanning/alerts/89/instances,mgil-lab-org/juice-shop,mgil-lab-org,Organization,False,https://github.com/mgil-lab-org/juice-shop,True,False
88,2025-02-28T18:57:04Z,https://github.com/mgil-lab-org/juice-shop/security/code-scanning/88,open,,,,,js/hardcoded-credentials,warning,critical,"['external/cwe/cwe-259', 'external/cwe/cwe-321', 'external/cwe/cwe-798', 'security']",Hard-coded credentials,js/hardcoded-credentials,CodeQL,2.20.5,refs/heads/master,open,73816ce0d77edd274da059e080e6ce6f761ef689,https://api.github.com/repos/mgil-lab-org/juice-shop/code-scanning/alerts/88/instances,mgil-lab-org/juice-shop,mgil-lab-org,Organization,False,https://github.com/mgil-lab-org/juice-shop,True,False
87,2025-02-28T18:57:04Z,https://github.com/mgil-lab-org/juice-shop/security/code-scanning/87,open,,,,,js/hardcoded-credentials,warning,critical,"['external/cwe/cwe-259', 'external/cwe/cwe-321', 'external/cwe/cwe-798', 'security']",Hard-coded credentials,js/hardcoded-credentials,CodeQL,2.20.5,refs/heads/master,open,73816ce0d77edd274da059e080e6ce6f761ef689,https://api.github.com/repos/mgil-lab-org/juice-shop/code-scanning/alerts/87/instances,mgil-lab-org/juice-shop,mgil-lab-org,Organization,False,https://github.com/mgil-lab-org/juice-shop,True,False
86,2025-02-28T18:57:04Z,https://github.com/mgil-lab-org/juice-shop/security/code-scanning/86,open,,,,,js/hardcoded-credentials,warning,critical,"['external/cwe/cwe-259', 'external/cwe/cwe-321', 'external/cwe/cwe-798', 'security']",Hard-coded credentials,js/hardcoded-credentials,CodeQL,2.20.5,refs/heads/master,open,73816ce0d77edd274da059e080e6ce6f761ef689,https://api.github.com/repos/mgil-lab-org/juice-shop/code-scanning/alerts/86/instances,mgil-lab-org/juice-shop,mgil-lab-org,Organization,False,https://github.com/mgil-lab-org/juice-shop,True,False
85,2025-02-28T18:57:04Z,https://github.com/mgil-lab-org/juice-shop/security/code-scanning/85,open,,,,,js/hardcoded-credentials,warning,critical,"['external/cwe/cwe-259', 'external/cwe/cwe-321', 'external/cwe/cwe-798', 'security']",Hard-coded credentials,js/hardcoded-credentials,CodeQL,2.20.5,refs/heads/master,open,73816ce0d77edd274da059e080e6ce6f761ef689,https://api.github.com/repos/mgil-lab-org/juice-shop/code-scanning/alerts/85/instances,mgil-lab-org/juice-shop,mgil-lab-org,Organization,False,https://github.com/mgil-lab-org/juice-shop,True,False
84,2025-02-28T18:57:04Z,https://github.com/mgil-lab-org/juice-shop/security/code-scanning/84,open,,,,,js/hardcoded-credentials,warning,critical,"['external/cwe/cwe-259', 'external/cwe/cwe-321', 'external/cwe/cwe-798', 'security']",Hard-coded credentials,js/hardcoded-credentials,CodeQL,2.20.5,refs/heads/master,open,73816ce0d77edd274da059e080e6ce6f761ef689,https://api.github.com/repos/mgil-lab-org/juice-shop/code-scanning/alerts/84/instances,mgil-lab-org/juice-shop,mgil-lab-org,Organization,False,https://github.com/mgil-lab-org/juice-shop,True,False
83,2025-02-28T18:57:04Z,https://github.com/mgil-lab-org/juice-shop/security/code-scanning/83,open,,,,,js/hardcoded-credentials,warning,critical,"['external/cwe/cwe-259', 'external/cwe/cwe-321', 'external/cwe/cwe-798', 'security']",Hard-coded credentials,js/hardcoded-credentials,CodeQL,2.20.5,refs/heads/master,open,73816ce0d77edd274da059e080e6ce6f761ef689,https://api.github.com/repos/mgil-lab-org/juice-shop/code-scanning/alerts/83/instances,mgil-lab-org/juice-shop,mgil-lab-org,Organization,False,https://github.com/mgil-lab-org/juice-shop,True,False
82,2025-02-28T18:57:04Z,https://github.com/mgil-lab-org/juice-shop/security/code-scanning/82,open,,,,,js/hardcoded-credentials,warning,critical,"['external/cwe/cwe-259', 'external/cwe/cwe-321', 'external/cwe/cwe-798', 'security']",Hard-coded credentials,js/hardcoded-credentials,CodeQL,2.20.5,refs/heads/master,open,73816ce0d77edd274da059e080e6ce6f761ef689,https://api.github.com/repos/mgil-lab-org/juice-shop/code-scanning/alerts/82/instances,mgil-lab-org/juice-shop,mgil-lab-org,Organization,False,https://github.com/mgil-lab-org/juice-shop,True,False
81,2025-02-28T18:57:04Z,https://github.com/mgil-lab-org/juice-shop/security/code-scanning/81,open,,,,,js/hardcoded-credentials,warning,critical,"['external/cwe/cwe-259', 'external/cwe/cwe-321', 'external/cwe/cwe-798', 'security']",Hard-coded credentials,js/hardcoded-credentials,CodeQL,2.20.5,refs/heads/master,open,73816ce0d77edd274da059e080e6ce6f761ef689,https://api.github.com/repos/mgil-lab-org/juice-shop/code-scanning/alerts/81/instances,mgil-lab-org/juice-shop,mgil-lab-org,Organization,False,https://github.com/mgil-lab-org/juice-shop,True,False
80,2025-02-28T18:57:04Z,https://github.com/mgil-lab-org/juice-shop/security/code-scanning/80,open,,,,,js/hardcoded-credentials,warning,critical,"['external/cwe/cwe-259', 'external/cwe/cwe-321', 'external/cwe/cwe-798', 'security']",Hard-coded credentials,js/hardcoded-credentials,CodeQL,2.20.5,refs/heads/master,open,73816ce0d77edd274da059e080e6ce6f761ef689,https://api.github.com/repos/mgil-lab-org/juice-shop/code-scanning/alerts/80/instances,mgil-lab-org/juice-shop,mgil-lab-org,Organization,False,https://github.com/mgil-lab-org/juice-shop,True,False
79,2025-02-28T18:57:04Z,https://github.com/mgil-lab-org/juice-shop/security/code-scanning/79,open,,,,,js/hardcoded-credentials,warning,critical,"['external/cwe/cwe-259', 'external/cwe/cwe-321', 'external/cwe/cwe-798', 'security']",Hard-coded credentials,js/hardcoded-credentials,CodeQL,2.20.5,refs/heads/master,open,73816ce0d77edd274da059e080e6ce6f761ef689,https://api.github.com/repos/mgil-lab-org/juice-shop/code-scanning/alerts/79/instances,mgil-lab-org/juice-shop,mgil-lab-org,Organization,False,https://github.com/mgil-lab-org/juice-shop,True,False
78,2025-02-28T18:57:04Z,https://github.com/mgil-lab-org/juice-shop/security/code-scanning/78,open,,,,,js/hardcoded-credentials,warning,critical,"['external/cwe/cwe-259', 'external/cwe/cwe-321', 'external/cwe/cwe-798', 'security']",Hard-coded credentials,js/hardcoded-credentials,CodeQL,2.20.5,refs/heads/master,open,73816ce0d77edd274da059e080e6ce6f761ef689,https://api.github.com/repos/mgil-lab-org/juice-shop/code-scanning/alerts/78/instances,mgil-lab-org/juice-shop,mgil-lab-org,Organization,False,https://github.com/mgil-lab-org/juice-shop,True,False
77,2025-02-28T18:57:04Z,https://github.com/mgil-lab-org/juice-shop/security/code-scanning/77,open,,,,,js/server-crash,warning,high,"['external/cwe/cwe-248', 'external/cwe/cwe-730', 'security']",Server crash,js/server-crash,CodeQL,2.20.5,refs/heads/master,open,73816ce0d77edd274da059e080e6ce6f761ef689,https://api.github.com/repos/mgil-lab-org/juice-shop/code-scanning/alerts/77/instances,mgil-lab-org/juice-shop,mgil-lab-org,Organization,False,https://github.com/mgil-lab-org/juice-shop,True,False
76,2025-02-28T18:57:04Z,https://github.com/mgil-lab-org/juice-shop/security/code-scanning/76,open,,,,,js/server-crash,warning,high,"['external/cwe/cwe-248', 'external/cwe/cwe-730', 'security']",Server crash,js/server-crash,CodeQL,2.20.5,refs/heads/master,open,73816ce0d77edd274da059e080e6ce6f761ef689,https://api.github.com/repos/mgil-lab-org/juice-shop/code-scanning/alerts/76/instances,mgil-lab-org/juice-shop,mgil-lab-org,Organization,False,https://github.com/mgil-lab-org/juice-shop,True,False
75,2025-02-28T18:57:04Z,https://github.com/mgil-lab-org/juice-shop/security/code-scanning/75,open,,,,,js/missing-token-validation,error,high,"['external/cwe/cwe-352', 'security']",Missing CSRF middleware,js/missing-token-validation,CodeQL,2.20.5,refs/heads/master,open,73816ce0d77edd274da059e080e6ce6f761ef689,https://api.github.com/repos/mgil-lab-org/juice-shop/code-scanning/alerts/75/instances,mgil-lab-org/juice-shop,mgil-lab-org,Organization,False,https://github.com/mgil-lab-org/juice-shop,True,False
74,2025-02-28T18:57:04Z,https://github.com/mgil-lab-org/juice-shop/security/code-scanning/74,open,,,,,js/sensitive-get-query,warning,medium,"['external/cwe/cwe-598', 'security']",Sensitive data read from GET request,js/sensitive-get-query,CodeQL,2.20.5,refs/heads/master,open,73816ce0d77edd274da059e080e6ce6f761ef689,https://api.github.com/repos/mgil-lab-org/juice-shop/code-scanning/alerts/74/instances,mgil-lab-org/juice-shop,mgil-lab-org,Organization,False,https://github.com/mgil-lab-org/juice-shop,True,False
73,2025-02-28T18:57:04Z,https://github.com/mgil-lab-org/juice-shop/security/code-scanning/73,open,,,,,js/sensitive-get-query,warning,medium,"['external/cwe/cwe-598', 'security']",Sensitive data read from GET request,js/sensitive-get-query,CodeQL,2.20.5,refs/heads/master,open,73816ce0d77edd274da059e080e6ce6f761ef689,https://api.github.com/repos/mgil-lab-org/juice-shop/code-scanning/alerts/73/instances,mgil-lab-org/juice-shop,mgil-lab-org,Organization,False,https://github.com/mgil-lab-org/juice-shop,True,False
72,2025-02-28T18:57:04Z,https://github.com/mgil-lab-org/juice-shop/security/code-scanning/72,open,,,,,js/sensitive-get-query,warning,medium,"['external/cwe/cwe-598', 'security']",Sensitive data read from GET request,js/sensitive-get-query,CodeQL,2.20.5,refs/heads/master,open,73816ce0d77edd274da059e080e6ce6f761ef689,https://api.github.com/repos/mgil-lab-org/juice-shop/code-scanning/alerts/72/instances,mgil-lab-org/juice-shop,mgil-lab-org,Organization,False,https://github.com/mgil-lab-org/juice-shop,True,False
71,2025-02-28T18:57:04Z,https://github.com/mgil-lab-org/juice-shop/security/code-scanning/71,open,,,,,js/insecure-randomness,warning,high,"['external/cwe/cwe-338', 'security']",Insecure randomness,js/insecure-randomness,CodeQL,2.20.5,refs/heads/master,open,73816ce0d77edd274da059e080e6ce6f761ef689,https://api.github.com/repos/mgil-lab-org/juice-shop/code-scanning/alerts/71/instances,mgil-lab-org/juice-shop,mgil-lab-org,Organization,False,https://github.com/mgil-lab-org/juice-shop,True,False
70,2025-02-28T18:57:04Z,https://github.com/mgil-lab-org/juice-shop/security/code-scanning/70,open,,,,,js/request-forgery,error,critical,"['external/cwe/cwe-918', 'security']",Server-side request forgery,js/request-forgery,CodeQL,2.20.5,refs/heads/master,open,73816ce0d77edd274da059e080e6ce6f761ef689,https://api.github.com/repos/mgil-lab-org/juice-shop/code-scanning/alerts/70/instances,mgil-lab-org/juice-shop,mgil-lab-org,Organization,False,https://github.com/mgil-lab-org/juice-shop,True,False
69,2025-02-28T18:57:04Z,https://github.com/mgil-lab-org/juice-shop/security/code-scanning/69,open,,,,,js/zipslip,error,high,"['external/cwe/cwe-022', 'security']","Arbitrary file access during archive extraction (""Zip Slip"")",js/zipslip,CodeQL,2.20.5,refs/heads/master,open,73816ce0d77edd274da059e080e6ce6f761ef689,https://api.github.com/repos/mgil-lab-org/juice-shop/code-scanning/alerts/69/instances,mgil-lab-org/juice-shop,mgil-lab-org,Organization,False,https://github.com/mgil-lab-org/juice-shop,True,False
68,2025-02-28T18:57:04Z,https://github.com/mgil-lab-org/juice-shop/security/code-scanning/68,open,,,,,js/path-injection,error,high,"['external/cwe/cwe-022', 'external/cwe/cwe-023', 'external/cwe/cwe-036', 'external/cwe/cwe-073', 'external/cwe/cwe-099', 'security']",Uncontrolled data used in path expression,js/path-injection,CodeQL,2.20.5,refs/heads/master,open,73816ce0d77edd274da059e080e6ce6f761ef689,https://api.github.com/repos/mgil-lab-org/juice-shop/code-scanning/alerts/68/instances,mgil-lab-org/juice-shop,mgil-lab-org,Organization,False,https://github.com/mgil-lab-org/juice-shop,True,False
67,2025-02-28T18:57:04Z,https://github.com/mgil-lab-org/juice-shop/security/code-scanning/67,open,,,,,js/path-injection,error,high,"['external/cwe/cwe-022', 'external/cwe/cwe-023', 'external/cwe/cwe-036', 'external/cwe/cwe-073', 'external/cwe/cwe-099', 'security']",Uncontrolled data used in path expression,js/path-injection,CodeQL,2.20.5,refs/heads/master,open,73816ce0d77edd274da059e080e6ce6f761ef689,https://api.github.com/repos/mgil-lab-org/juice-shop/code-scanning/alerts/67/instances,mgil-lab-org/juice-shop,mgil-lab-org,Organization,False,https://github.com/mgil-lab-org/juice-shop,True,False
66,2025-02-28T18:57:04Z,https://github.com/mgil-lab-org/juice-shop/security/code-scanning/66,open,,,,,js/path-injection,error,high,"['external/cwe/cwe-022', 'external/cwe/cwe-023', 'external/cwe/cwe-036', 'external/cwe/cwe-073', 'external/cwe/cwe-099', 'security']",Uncontrolled data used in path expression,js/path-injection,CodeQL,2.20.5,refs/heads/master,open,73816ce0d77edd274da059e080e6ce6f761ef689,https://api.github.com/repos/mgil-lab-org/juice-shop/code-scanning/alerts/66/instances,mgil-lab-org/juice-shop,mgil-lab-org,Organization,False,https://github.com/mgil-lab-org/juice-shop,True,False
65,2025-02-28T18:57:04Z,https://github.com/mgil-lab-org/juice-shop/security/code-scanning/65,open,,,,,js/path-injection,error,high,"['external/cwe/cwe-022', 'external/cwe/cwe-023', 'external/cwe/cwe-036', 'external/cwe/cwe-073', 'external/cwe/cwe-099', 'security']",Uncontrolled data used in path expression,js/path-injection,CodeQL,2.20.5,refs/heads/master,open,73816ce0d77edd274da059e080e6ce6f761ef689,https://api.github.com/repos/mgil-lab-org/juice-shop/code-scanning/alerts/65/instances,mgil-lab-org/juice-shop,mgil-lab-org,Organization,False,https://github.com/mgil-lab-org/juice-shop,True,False
64,2025-02-28T18:57:04Z,https://github.com/mgil-lab-org/juice-shop/security/code-scanning/64,open,,,,,js/path-injection,error,high,"['external/cwe/cwe-022', 'external/cwe/cwe-023', 'external/cwe/cwe-036', 'external/cwe/cwe-073', 'external/cwe/cwe-099', 'security']",Uncontrolled data used in path expression,js/path-injection,CodeQL,2.20.5,refs/heads/master,open,73816ce0d77edd274da059e080e6ce6f761ef689,https://api.github.com/repos/mgil-lab-org/juice-shop/code-scanning/alerts/64/instances,mgil-lab-org/juice-shop,mgil-lab-org,Organization,False,https://github.com/mgil-lab-org/juice-shop,True,False
63,2025-02-28T18:57:04Z,https://github.com/mgil-lab-org/juice-shop/security/code-scanning/63,open,,,,,js/path-injection,error,high,"['external/cwe/cwe-022', 'external/cwe/cwe-023', 'external/cwe/cwe-036', 'external/cwe/cwe-073', 'external/cwe/cwe-099', 'security']",Uncontrolled data used in path expression,js/path-injection,CodeQL,2.20.5,refs/heads/master,open,73816ce0d77edd274da059e080e6ce6f761ef689,https://api.github.com/repos/mgil-lab-org/juice-shop/code-scanning/alerts/63/instances,mgil-lab-org/juice-shop,mgil-lab-org,Organization,False,https://github.com/mgil-lab-org/juice-shop,True,False
62,2025-02-28T18:57:04Z,https://github.com/mgil-lab-org/juice-shop/security/code-scanning/62,open,,,,,js/path-injection,error,high,"['external/cwe/cwe-022', 'external/cwe/cwe-023', 'external/cwe/cwe-036', 'external/cwe/cwe-073', 'external/cwe/cwe-099', 'security']",Uncontrolled data used in path expression,js/path-injection,CodeQL,2.20.5,refs/heads/master,open,73816ce0d77edd274da059e080e6ce6f761ef689,https://api.github.com/repos/mgil-lab-org/juice-shop/code-scanning/alerts/62/instances,mgil-lab-org/juice-shop,mgil-lab-org,Organization,False,https://github.com/mgil-lab-org/juice-shop,True,False
61,2025-02-28T18:57:04Z,https://github.com/mgil-lab-org/juice-shop/security/code-scanning/61,open,,,,,js/path-injection,error,high,"['external/cwe/cwe-022', 'external/cwe/cwe-023', 'external/cwe/cwe-036', 'external/cwe/cwe-073', 'external/cwe/cwe-099', 'security']",Uncontrolled data used in path expression,js/path-injection,CodeQL,2.20.5,refs/heads/master,open,73816ce0d77edd274da059e080e6ce6f761ef689,https://api.github.com/repos/mgil-lab-org/juice-shop/code-scanning/alerts/61/instances,mgil-lab-org/juice-shop,mgil-lab-org,Organization,False,https://github.com/mgil-lab-org/juice-shop,True,False
60,2025-02-28T18:57:04Z,https://github.com/mgil-lab-org/juice-shop/security/code-scanning/60,open,,,,,js/path-injection,error,high,"['external/cwe/cwe-022', 'external/cwe/cwe-023', 'external/cwe/cwe-036', 'external/cwe/cwe-073', 'external/cwe/cwe-099', 'security']",Uncontrolled data used in path expression,js/path-injection,CodeQL,2.20.5,refs/heads/master,open,73816ce0d77edd274da059e080e6ce6f761ef689,https://api.github.com/repos/mgil-lab-org/juice-shop/code-scanning/alerts/60/instances,mgil-lab-org/juice-shop,mgil-lab-org,Organization,False,https://github.com/mgil-lab-org/juice-shop,True,False
59,2025-02-28T18:57:04Z,https://github.com/mgil-lab-org/juice-shop/security/code-scanning/59,open,,,,,js/path-injection,error,high,"['external/cwe/cwe-022', 'external/cwe/cwe-023', 'external/cwe/cwe-036', 'external/cwe/cwe-073', 'external/cwe/cwe-099', 'security']",Uncontrolled data used in path expression,js/path-injection,CodeQL,2.20.5,refs/heads/master,open,73816ce0d77edd274da059e080e6ce6f761ef689,https://api.github.com/repos/mgil-lab-org/juice-shop/code-scanning/alerts/59/instances,mgil-lab-org/juice-shop,mgil-lab-org,Organization,False,https://github.com/mgil-lab-org/juice-shop,True,False
58,2025-02-28T18:57:04Z,https://github.com/mgil-lab-org/juice-shop/security/code-scanning/58,open,,,,,js/path-injection,error,high,"['external/cwe/cwe-022', 'external/cwe/cwe-023', 'external/cwe/cwe-036', 'external/cwe/cwe-073', 'external/cwe/cwe-099', 'security']",Uncontrolled data used in path expression,js/path-injection,CodeQL,2.20.5,refs/heads/master,open,73816ce0d77edd274da059e080e6ce6f761ef689,https://api.github.com/repos/mgil-lab-org/juice-shop/code-scanning/alerts/58/instances,mgil-lab-org/juice-shop,mgil-lab-org,Organization,False,https://github.com/mgil-lab-org/juice-shop,True,False
57,2025-02-28T18:57:04Z,https://github.com/mgil-lab-org/juice-shop/security/code-scanning/57,open,,,,,js/missing-rate-limiting,warning,high,"['external/cwe/cwe-307', 'external/cwe/cwe-400', 'external/cwe/cwe-770', 'security']",Missing rate limiting,js/missing-rate-limiting,CodeQL,2.20.5,refs/heads/master,open,73816ce0d77edd274da059e080e6ce6f761ef689,https://api.github.com/repos/mgil-lab-org/juice-shop/code-scanning/alerts/57/instances,mgil-lab-org/juice-shop,mgil-lab-org,Organization,False,https://github.com/mgil-lab-org/juice-shop,True,False
56,2025-02-28T18:57:04Z,https://github.com/mgil-lab-org/juice-shop/security/code-scanning/56,open,,,,,js/missing-rate-limiting,warning,high,"['external/cwe/cwe-307', 'external/cwe/cwe-400', 'external/cwe/cwe-770', 'security']",Missing rate limiting,js/missing-rate-limiting,CodeQL,2.20.5,refs/heads/master,open,73816ce0d77edd274da059e080e6ce6f761ef689,https://api.github.com/repos/mgil-lab-org/juice-shop/code-scanning/alerts/56/instances,mgil-lab-org/juice-shop,mgil-lab-org,Organization,False,https://github.com/mgil-lab-org/juice-shop,True,False
55,2025-02-28T18:57:04Z,https://github.com/mgil-lab-org/juice-shop/security/code-scanning/55,open,,,,,js/missing-rate-limiting,warning,high,"['external/cwe/cwe-307', 'external/cwe/cwe-400', 'external/cwe/cwe-770', 'security']",Missing rate limiting,js/missing-rate-limiting,CodeQL,2.20.5,refs/heads/master,open,73816ce0d77edd274da059e080e6ce6f761ef689,https://api.github.com/repos/mgil-lab-org/juice-shop/code-scanning/alerts/55/instances,mgil-lab-org/juice-shop,mgil-lab-org,Organization,False,https://github.com/mgil-lab-org/juice-shop,True,False
54,2025-02-28T18:57:04Z,https://github.com/mgil-lab-org/juice-shop/security/code-scanning/54,open,,,,,js/missing-rate-limiting,warning,high,"['external/cwe/cwe-307', 'external/cwe/cwe-400', 'external/cwe/cwe-770', 'security']",Missing rate limiting,js/missing-rate-limiting,CodeQL,2.20.5,refs/heads/master,open,73816ce0d77edd274da059e080e6ce6f761ef689,https://api.github.com/repos/mgil-lab-org/juice-shop/code-scanning/alerts/54/instances,mgil-lab-org/juice-shop,mgil-lab-org,Organization,False,https://github.com/mgil-lab-org/juice-shop,True,False
53,2025-02-28T18:57:04Z,https://github.com/mgil-lab-org/juice-shop/security/code-scanning/53,open,,,,,js/missing-rate-limiting,warning,high,"['external/cwe/cwe-307', 'external/cwe/cwe-400', 'external/cwe/cwe-770', 'security']",Missing rate limiting,js/missing-rate-limiting,CodeQL,2.20.5,refs/heads/master,open,73816ce0d77edd274da059e080e6ce6f761ef689,https://api.github.com/repos/mgil-lab-org/juice-shop/code-scanning/alerts/53/instances,mgil-lab-org/juice-shop,mgil-lab-org,Organization,False,https://github.com/mgil-lab-org/juice-shop,True,False
52,2025-02-28T18:57:04Z,https://github.com/mgil-lab-org/juice-shop/security/code-scanning/52,open,,,,,js/missing-rate-limiting,warning,high,"['external/cwe/cwe-307', 'external/cwe/cwe-400', 'external/cwe/cwe-770', 'security']",Missing rate limiting,js/missing-rate-limiting,CodeQL,2.20.5,refs/heads/master,open,73816ce0d77edd274da059e080e6ce6f761ef689,https://api.github.com/repos/mgil-lab-org/juice-shop/code-scanning/alerts/52/instances,mgil-lab-org/juice-shop,mgil-lab-org,Organization,False,https://github.com/mgil-lab-org/juice-shop,True,False
51,2025-02-28T18:57:04Z,https://github.com/mgil-lab-org/juice-shop/security/code-scanning/51,open,,,,,js/missing-rate-limiting,warning,high,"['external/cwe/cwe-307', 'external/cwe/cwe-400', 'external/cwe/cwe-770', 'security']",Missing rate limiting,js/missing-rate-limiting,CodeQL,2.20.5,refs/heads/master,open,73816ce0d77edd274da059e080e6ce6f761ef689,https://api.github.com/repos/mgil-lab-org/juice-shop/code-scanning/alerts/51/instances,mgil-lab-org/juice-shop,mgil-lab-org,Organization,False,https://github.com/mgil-lab-org/juice-shop,True,False
50,2025-02-28T18:57:04Z,https://github.com/mgil-lab-org/juice-shop/security/code-scanning/50,open,,,,,js/missing-rate-limiting,warning,high,"['external/cwe/cwe-307', 'external/cwe/cwe-400', 'external/cwe/cwe-770', 'security']",Missing rate limiting,js/missing-rate-limiting,CodeQL,2.20.5,refs/heads/master,open,73816ce0d77edd274da059e080e6ce6f761ef689,https://api.github.com/repos/mgil-lab-org/juice-shop/code-scanning/alerts/50/instances,mgil-lab-org/juice-shop,mgil-lab-org,Organization,False,https://github.com/mgil-lab-org/juice-shop,True,False
49,2025-02-28T18:57:04Z,https://github.com/mgil-lab-org/juice-shop/security/code-scanning/49,open,,,,,js/missing-rate-limiting,warning,high,"['external/cwe/cwe-307', 'external/cwe/cwe-400', 'external/cwe/cwe-770', 'security']",Missing rate limiting,js/missing-rate-limiting,CodeQL,2.20.5,refs/heads/master,open,73816ce0d77edd274da059e080e6ce6f761ef689,https://api.github.com/repos/mgil-lab-org/juice-shop/code-scanning/alerts/49/instances,mgil-lab-org/juice-shop,mgil-lab-org,Organization,False,https://github.com/mgil-lab-org/juice-shop,True,False
48,2025-02-28T18:57:04Z,https://github.com/mgil-lab-org/juice-shop/security/code-scanning/48,open,,,,,js/missing-rate-limiting,warning,high,"['external/cwe/cwe-307', 'external/cwe/cwe-400', 'external/cwe/cwe-770', 'security']",Missing rate limiting,js/missing-rate-limiting,CodeQL,2.20.5,refs/heads/master,open,73816ce0d77edd274da059e080e6ce6f761ef689,https://api.github.com/repos/mgil-lab-org/juice-shop/code-scanning/alerts/48/instances,mgil-lab-org/juice-shop,mgil-lab-org,Organization,False,https://github.com/mgil-lab-org/juice-shop,True,False
47,2025-02-28T18:57:04Z,https://github.com/mgil-lab-org/juice-shop/security/code-scanning/47,open,,,,,js/missing-rate-limiting,warning,high,"['external/cwe/cwe-307', 'external/cwe/cwe-400', 'external/cwe/cwe-770', 'security']",Missing rate limiting,js/missing-rate-limiting,CodeQL,2.20.5,refs/heads/master,open,73816ce0d77edd274da059e080e6ce6f761ef689,https://api.github.com/repos/mgil-lab-org/juice-shop/code-scanning/alerts/47/instances,mgil-lab-org/juice-shop,mgil-lab-org,Organization,False,https://github.com/mgil-lab-org/juice-shop,True,False
46,2025-02-28T18:57:04Z,https://github.com/mgil-lab-org/juice-shop/security/code-scanning/46,open,,,,,js/missing-rate-limiting,warning,high,"['external/cwe/cwe-307', 'external/cwe/cwe-400', 'external/cwe/cwe-770', 'security']",Missing rate limiting,js/missing-rate-limiting,CodeQL,2.20.5,refs/heads/master,open,73816ce0d77edd274da059e080e6ce6f761ef689,https://api.github.com/repos/mgil-lab-org/juice-shop/code-scanning/alerts/46/instances,mgil-lab-org/juice-shop,mgil-lab-org,Organization,False,https://github.com/mgil-lab-org/juice-shop,True,False
45,2025-02-28T18:57:04Z,https://github.com/mgil-lab-org/juice-shop/security/code-scanning/45,open,,,,,js/missing-rate-limiting,warning,high,"['external/cwe/cwe-307', 'external/cwe/cwe-400', 'external/cwe/cwe-770', 'security']",Missing rate limiting,js/missing-rate-limiting,CodeQL,2.20.5,refs/heads/master,open,73816ce0d77edd274da059e080e6ce6f761ef689,https://api.github.com/repos/mgil-lab-org/juice-shop/code-scanning/alerts/45/instances,mgil-lab-org/juice-shop,mgil-lab-org,Organization,False,https://github.com/mgil-lab-org/juice-shop,True,False
44,2025-02-28T18:57:04Z,https://github.com/mgil-lab-org/juice-shop/security/code-scanning/44,open,,,,,js/missing-rate-limiting,warning,high,"['external/cwe/cwe-307', 'external/cwe/cwe-400', 'external/cwe/cwe-770', 'security']",Missing rate limiting,js/missing-rate-limiting,CodeQL,2.20.5,refs/heads/master,open,73816ce0d77edd274da059e080e6ce6f761ef689,https://api.github.com/repos/mgil-lab-org/juice-shop/code-scanning/alerts/44/instances,mgil-lab-org/juice-shop,mgil-lab-org,Organization,False,https://github.com/mgil-lab-org/juice-shop,True,False
43,2025-02-28T18:57:04Z,https://github.com/mgil-lab-org/juice-shop/security/code-scanning/43,open,,,,,js/missing-rate-limiting,warning,high,"['external/cwe/cwe-307', 'external/cwe/cwe-400', 'external/cwe/cwe-770', 'security']",Missing rate limiting,js/missing-rate-limiting,CodeQL,2.20.5,refs/heads/master,open,73816ce0d77edd274da059e080e6ce6f761ef689,https://api.github.com/repos/mgil-lab-org/juice-shop/code-scanning/alerts/43/instances,mgil-lab-org/juice-shop,mgil-lab-org,Organization,False,https://github.com/mgil-lab-org/juice-shop,True,False
42,2025-02-28T18:57:04Z,https://github.com/mgil-lab-org/juice-shop/security/code-scanning/42,open,,,,,js/missing-rate-limiting,warning,high,"['external/cwe/cwe-307', 'external/cwe/cwe-400', 'external/cwe/cwe-770', 'security']",Missing rate limiting,js/missing-rate-limiting,CodeQL,2.20.5,refs/heads/master,open,73816ce0d77edd274da059e080e6ce6f761ef689,https://api.github.com/repos/mgil-lab-org/juice-shop/code-scanning/alerts/42/instances,mgil-lab-org/juice-shop,mgil-lab-org,Organization,False,https://github.com/mgil-lab-org/juice-shop,True,False
41,2025-02-28T18:57:04Z,https://github.com/mgil-lab-org/juice-shop/security/code-scanning/41,open,,,,,js/missing-rate-limiting,warning,high,"['external/cwe/cwe-307', 'external/cwe/cwe-400', 'external/cwe/cwe-770', 'security']",Missing rate limiting,js/missing-rate-limiting,CodeQL,2.20.5,refs/heads/master,open,73816ce0d77edd274da059e080e6ce6f761ef689,https://api.github.com/repos/mgil-lab-org/juice-shop/code-scanning/alerts/41/instances,mgil-lab-org/juice-shop,mgil-lab-org,Organization,False,https://github.com/mgil-lab-org/juice-shop,True,False
40,2025-02-28T18:57:04Z,https://github.com/mgil-lab-org/juice-shop/security/code-scanning/40,open,,,,,js/missing-rate-limiting,warning,high,"['external/cwe/cwe-307', 'external/cwe/cwe-400', 'external/cwe/cwe-770', 'security']",Missing rate limiting,js/missing-rate-limiting,CodeQL,2.20.5,refs/heads/master,open,73816ce0d77edd274da059e080e6ce6f761ef689,https://api.github.com/repos/mgil-lab-org/juice-shop/code-scanning/alerts/40/instances,mgil-lab-org/juice-shop,mgil-lab-org,Organization,False,https://github.com/mgil-lab-org/juice-shop,True,False
39,2025-02-28T18:57:04Z,https://github.com/mgil-lab-org/juice-shop/security/code-scanning/39,open,,,,,js/missing-rate-limiting,warning,high,"['external/cwe/cwe-307', 'external/cwe/cwe-400', 'external/cwe/cwe-770', 'security']",Missing rate limiting,js/missing-rate-limiting,CodeQL,2.20.5,refs/heads/master,open,73816ce0d77edd274da059e080e6ce6f761ef689,https://api.github.com/repos/mgil-lab-org/juice-shop/code-scanning/alerts/39/instances,mgil-lab-org/juice-shop,mgil-lab-org,Organization,False,https://github.com/mgil-lab-org/juice-shop,True,False
38,2025-02-28T18:57:04Z,https://github.com/mgil-lab-org/juice-shop/security/code-scanning/38,open,,,,,js/missing-rate-limiting,warning,high,"['external/cwe/cwe-307', 'external/cwe/cwe-400', 'external/cwe/cwe-770', 'security']",Missing rate limiting,js/missing-rate-limiting,CodeQL,2.20.5,refs/heads/master,open,73816ce0d77edd274da059e080e6ce6f761ef689,https://api.github.com/repos/mgil-lab-org/juice-shop/code-scanning/alerts/38/instances,mgil-lab-org/juice-shop,mgil-lab-org,Organization,False,https://github.com/mgil-lab-org/juice-shop,True,False
37,2025-02-28T18:57:04Z,https://github.com/mgil-lab-org/juice-shop/security/code-scanning/37,open,,,,,js/missing-rate-limiting,warning,high,"['external/cwe/cwe-307', 'external/cwe/cwe-400', 'external/cwe/cwe-770', 'security']",Missing rate limiting,js/missing-rate-limiting,CodeQL,2.20.5,refs/heads/master,open,73816ce0d77edd274da059e080e6ce6f761ef689,https://api.github.com/repos/mgil-lab-org/juice-shop/code-scanning/alerts/37/instances,mgil-lab-org/juice-shop,mgil-lab-org,Organization,False,https://github.com/mgil-lab-org/juice-shop,True,False
36,2025-02-28T18:57:04Z,https://github.com/mgil-lab-org/juice-shop/security/code-scanning/36,open,,,,,js/missing-rate-limiting,warning,high,"['external/cwe/cwe-307', 'external/cwe/cwe-400', 'external/cwe/cwe-770', 'security']",Missing rate limiting,js/missing-rate-limiting,CodeQL,2.20.5,refs/heads/master,open,73816ce0d77edd274da059e080e6ce6f761ef689,https://api.github.com/repos/mgil-lab-org/juice-shop/code-scanning/alerts/36/instances,mgil-lab-org/juice-shop,mgil-lab-org,Organization,False,https://github.com/mgil-lab-org/juice-shop,True,False
35,2025-02-28T18:57:04Z,https://github.com/mgil-lab-org/juice-shop/security/code-scanning/35,open,,,,,js/missing-rate-limiting,warning,high,"['external/cwe/cwe-307', 'external/cwe/cwe-400', 'external/cwe/cwe-770', 'security']",Missing rate limiting,js/missing-rate-limiting,CodeQL,2.20.5,refs/heads/master,open,73816ce0d77edd274da059e080e6ce6f761ef689,https://api.github.com/repos/mgil-lab-org/juice-shop/code-scanning/alerts/35/instances,mgil-lab-org/juice-shop,mgil-lab-org,Organization,False,https://github.com/mgil-lab-org/juice-shop,True,False
34,2025-02-28T18:57:04Z,https://github.com/mgil-lab-org/juice-shop/security/code-scanning/34,open,,,,,js/missing-rate-limiting,warning,high,"['external/cwe/cwe-307', 'external/cwe/cwe-400', 'external/cwe/cwe-770', 'security']",Missing rate limiting,js/missing-rate-limiting,CodeQL,2.20.5,refs/heads/master,open,73816ce0d77edd274da059e080e6ce6f761ef689,https://api.github.com/repos/mgil-lab-org/juice-shop/code-scanning/alerts/34/instances,mgil-lab-org/juice-shop,mgil-lab-org,Organization,False,https://github.com/mgil-lab-org/juice-shop,True,False
33,2025-02-28T18:57:04Z,https://github.com/mgil-lab-org/juice-shop/security/code-scanning/33,open,,,,,js/missing-rate-limiting,warning,high,"['external/cwe/cwe-307', 'external/cwe/cwe-400', 'external/cwe/cwe-770', 'security']",Missing rate limiting,js/missing-rate-limiting,CodeQL,2.20.5,refs/heads/master,open,73816ce0d77edd274da059e080e6ce6f761ef689,https://api.github.com/repos/mgil-lab-org/juice-shop/code-scanning/alerts/33/instances,mgil-lab-org/juice-shop,mgil-lab-org,Organization,False,https://github.com/mgil-lab-org/juice-shop,True,False
32,2025-02-28T18:57:04Z,https://github.com/mgil-lab-org/juice-shop/security/code-scanning/32,open,,,,,js/missing-rate-limiting,warning,high,"['external/cwe/cwe-307', 'external/cwe/cwe-400', 'external/cwe/cwe-770', 'security']",Missing rate limiting,js/missing-rate-limiting,CodeQL,2.20.5,refs/heads/master,open,73816ce0d77edd274da059e080e6ce6f761ef689,https://api.github.com/repos/mgil-lab-org/juice-shop/code-scanning/alerts/32/instances,mgil-lab-org/juice-shop,mgil-lab-org,Organization,False,https://github.com/mgil-lab-org/juice-shop,True,False
31,2025-02-28T18:57:04Z,https://github.com/mgil-lab-org/juice-shop/security/code-scanning/31,open,,,,,js/missing-rate-limiting,warning,high,"['external/cwe/cwe-307', 'external/cwe/cwe-400', 'external/cwe/cwe-770', 'security']",Missing rate limiting,js/missing-rate-limiting,CodeQL,2.20.5,refs/heads/master,open,73816ce0d77edd274da059e080e6ce6f761ef689,https://api.github.com/repos/mgil-lab-org/juice-shop/code-scanning/alerts/31/instances,mgil-lab-org/juice-shop,mgil-lab-org,Organization,False,https://github.com/mgil-lab-org/juice-shop,True,False
30,2025-02-28T18:57:04Z,https://github.com/mgil-lab-org/juice-shop/security/code-scanning/30,open,,,,,js/missing-rate-limiting,warning,high,"['external/cwe/cwe-307', 'external/cwe/cwe-400', 'external/cwe/cwe-770', 'security']",Missing rate limiting,js/missing-rate-limiting,CodeQL,2.20.5,refs/heads/master,open,73816ce0d77edd274da059e080e6ce6f761ef689,https://api.github.com/repos/mgil-lab-org/juice-shop/code-scanning/alerts/30/instances,mgil-lab-org/juice-shop,mgil-lab-org,Organization,False,https://github.com/mgil-lab-org/juice-shop,True,False
29,2025-02-28T18:57:04Z,https://github.com/mgil-lab-org/juice-shop/security/code-scanning/29,open,,,,,js/missing-rate-limiting,warning,high,"['external/cwe/cwe-307', 'external/cwe/cwe-400', 'external/cwe/cwe-770', 'security']",Missing rate limiting,js/missing-rate-limiting,CodeQL,2.20.5,refs/heads/master,open,73816ce0d77edd274da059e080e6ce6f761ef689,https://api.github.com/repos/mgil-lab-org/juice-shop/code-scanning/alerts/29/instances,mgil-lab-org/juice-shop,mgil-lab-org,Organization,False,https://github.com/mgil-lab-org/juice-shop,True,False
28,2025-02-28T18:57:04Z,https://github.com/mgil-lab-org/juice-shop/security/code-scanning/28,open,,,,,js/missing-rate-limiting,warning,high,"['external/cwe/cwe-307', 'external/cwe/cwe-400', 'external/cwe/cwe-770', 'security']",Missing rate limiting,js/missing-rate-limiting,CodeQL,2.20.5,refs/heads/master,open,73816ce0d77edd274da059e080e6ce6f761ef689,https://api.github.com/repos/mgil-lab-org/juice-shop/code-scanning/alerts/28/instances,mgil-lab-org/juice-shop,mgil-lab-org,Organization,False,https://github.com/mgil-lab-org/juice-shop,True,False
27,2025-02-28T18:57:04Z,https://github.com/mgil-lab-org/juice-shop/security/code-scanning/27,open,,,,,js/missing-rate-limiting,warning,high,"['external/cwe/cwe-307', 'external/cwe/cwe-400', 'external/cwe/cwe-770', 'security']",Missing rate limiting,js/missing-rate-limiting,CodeQL,2.20.5,refs/heads/master,open,73816ce0d77edd274da059e080e6ce6f761ef689,https://api.github.com/repos/mgil-lab-org/juice-shop/code-scanning/alerts/27/instances,mgil-lab-org/juice-shop,mgil-lab-org,Organization,False,https://github.com/mgil-lab-org/juice-shop,True,False
26,2025-02-28T18:57:04Z,https://github.com/mgil-lab-org/juice-shop/security/code-scanning/26,open,,,,,js/missing-rate-limiting,warning,high,"['external/cwe/cwe-307', 'external/cwe/cwe-400', 'external/cwe/cwe-770', 'security']",Missing rate limiting,js/missing-rate-limiting,CodeQL,2.20.5,refs/heads/master,open,73816ce0d77edd274da059e080e6ce6f761ef689,https://api.github.com/repos/mgil-lab-org/juice-shop/code-scanning/alerts/26/instances,mgil-lab-org/juice-shop,mgil-lab-org,Organization,False,https://github.com/mgil-lab-org/juice-shop,True,False
25,2025-02-28T18:57:04Z,https://github.com/mgil-lab-org/juice-shop/security/code-scanning/25,open,,,,,js/clear-text-logging,error,high,"['external/cwe/cwe-312', 'external/cwe/cwe-359', 'external/cwe/cwe-532', 'security']",Clear-text logging of sensitive information,js/clear-text-logging,CodeQL,2.20.5,refs/heads/master,open,73816ce0d77edd274da059e080e6ce6f761ef689,https://api.github.com/repos/mgil-lab-org/juice-shop/code-scanning/alerts/25/instances,mgil-lab-org/juice-shop,mgil-lab-org,Organization,False,https://github.com/mgil-lab-org/juice-shop,True,False
24,2025-02-28T18:57:04Z,https://github.com/mgil-lab-org/juice-shop/security/code-scanning/24,open,,,,,js/type-confusion-through-parameter-tampering,error,critical,"['external/cwe/cwe-843', 'security']",Type confusion through parameter tampering,js/type-confusion-through-parameter-tampering,CodeQL,2.20.5,refs/heads/master,open,73816ce0d77edd274da059e080e6ce6f761ef689,https://api.github.com/repos/mgil-lab-org/juice-shop/code-scanning/alerts/24/instances,mgil-lab-org/juice-shop,mgil-lab-org,Organization,False,https://github.com/mgil-lab-org/juice-shop,True,False
23,2025-02-28T18:57:04Z,https://github.com/mgil-lab-org/juice-shop/security/code-scanning/23,open,,,,,js/type-confusion-through-parameter-tampering,error,critical,"['external/cwe/cwe-843', 'security']",Type confusion through parameter tampering,js/type-confusion-through-parameter-tampering,CodeQL,2.20.5,refs/heads/master,open,73816ce0d77edd274da059e080e6ce6f761ef689,https://api.github.com/repos/mgil-lab-org/juice-shop/code-scanning/alerts/23/instances,mgil-lab-org/juice-shop,mgil-lab-org,Organization,False,https://github.com/mgil-lab-org/juice-shop,True,False
22,2025-02-28T18:57:04Z,https://github.com/mgil-lab-org/juice-shop/security/code-scanning/22,open,,,,,js/insufficient-password-hash,warning,high,"['external/cwe/cwe-916', 'security']",Use of password hash with insufficient computational effort,js/insufficient-password-hash,CodeQL,2.20.5,refs/heads/master,open,73816ce0d77edd274da059e080e6ce6f761ef689,https://api.github.com/repos/mgil-lab-org/juice-shop/code-scanning/alerts/22/instances,mgil-lab-org/juice-shop,mgil-lab-org,Organization,False,https://github.com/mgil-lab-org/juice-shop,True,False
21,2025-02-28T18:57:04Z,https://github.com/mgil-lab-org/juice-shop/security/code-scanning/21,open,,,,,js/xss,error,high,"['external/cwe/cwe-079', 'external/cwe/cwe-116', 'security']",Client-side cross-site scripting,js/xss,CodeQL,2.20.5,refs/heads/master,open,73816ce0d77edd274da059e080e6ce6f761ef689,https://api.github.com/repos/mgil-lab-org/juice-shop/code-scanning/alerts/21/instances,mgil-lab-org/juice-shop,mgil-lab-org,Organization,False,https://github.com/mgil-lab-org/juice-shop,True,False
20,2025-02-28T18:57:04Z,https://github.com/mgil-lab-org/juice-shop/security/code-scanning/20,open,,,,,js/incomplete-url-substring-sanitization,warning,high,"['correctness', 'external/cwe/cwe-020', 'security']",Incomplete URL substring sanitization,js/incomplete-url-substring-sanitization,CodeQL,2.20.5,refs/heads/master,open,73816ce0d77edd274da059e080e6ce6f761ef689,https://api.github.com/repos/mgil-lab-org/juice-shop/code-scanning/alerts/20/instances,mgil-lab-org/juice-shop,mgil-lab-org,Organization,False,https://github.com/mgil-lab-org/juice-shop,True,False
19,2025-02-28T18:57:04Z,https://github.com/mgil-lab-org/juice-shop/security/code-scanning/19,open,,,,,js/incomplete-url-substring-sanitization,warning,high,"['correctness', 'external/cwe/cwe-020', 'security']",Incomplete URL substring sanitization,js/incomplete-url-substring-sanitization,CodeQL,2.20.5,refs/heads/master,open,73816ce0d77edd274da059e080e6ce6f761ef689,https://api.github.com/repos/mgil-lab-org/juice-shop/code-scanning/alerts/19/instances,mgil-lab-org/juice-shop,mgil-lab-org,Organization,False,https://github.com/mgil-lab-org/juice-shop,True,False
18,2025-02-28T18:57:04Z,https://github.com/mgil-lab-org/juice-shop/security/code-scanning/18,open,,,,,js/template-object-injection,error,critical,"['external/cwe/cwe-073', 'external/cwe/cwe-094', 'security']",Template Object Injection,js/template-object-injection,CodeQL,2.20.5,refs/heads/master,open,73816ce0d77edd274da059e080e6ce6f761ef689,https://api.github.com/repos/mgil-lab-org/juice-shop/code-scanning/alerts/18/instances,mgil-lab-org/juice-shop,mgil-lab-org,Organization,False,https://github.com/mgil-lab-org/juice-shop,True,False
17,2025-02-28T18:57:04Z,https://github.com/mgil-lab-org/juice-shop/security/code-scanning/17,open,,,,,js/template-object-injection,error,critical,"['external/cwe/cwe-073', 'external/cwe/cwe-094', 'security']",Template Object Injection,js/template-object-injection,CodeQL,2.20.5,refs/heads/master,open,73816ce0d77edd274da059e080e6ce6f761ef689,https://api.github.com/repos/mgil-lab-org/juice-shop/code-scanning/alerts/17/instances,mgil-lab-org/juice-shop,mgil-lab-org,Organization,False,https://github.com/mgil-lab-org/juice-shop,True,False
16,2025-02-28T18:57:04Z,https://github.com/mgil-lab-org/juice-shop/security/code-scanning/16,open,,,,,js/functionality-from-untrusted-source,warning,medium,"['external/cwe/cwe-830', 'security']",Inclusion of functionality from an untrusted source,js/functionality-from-untrusted-source,CodeQL,2.20.5,refs/heads/master,open,73816ce0d77edd274da059e080e6ce6f761ef689,https://api.github.com/repos/mgil-lab-org/juice-shop/code-scanning/alerts/16/instances,mgil-lab-org/juice-shop,mgil-lab-org,Organization,False,https://github.com/mgil-lab-org/juice-shop,True,False
15,2025-02-28T18:57:04Z,https://github.com/mgil-lab-org/juice-shop/security/code-scanning/15,open,,,,,js/functionality-from-untrusted-source,warning,medium,"['external/cwe/cwe-830', 'security']",Inclusion of functionality from an untrusted source,js/functionality-from-untrusted-source,CodeQL,2.20.5,refs/heads/master,open,73816ce0d77edd274da059e080e6ce6f761ef689,https://api.github.com/repos/mgil-lab-org/juice-shop/code-scanning/alerts/15/instances,mgil-lab-org/juice-shop,mgil-lab-org,Organization,False,https://github.com/mgil-lab-org/juice-shop,True,False
14,2025-02-28T18:57:04Z,https://github.com/mgil-lab-org/juice-shop/security/code-scanning/14,open,,,,,js/incomplete-sanitization,warning,high,"['correctness', 'external/cwe/cwe-020', 'external/cwe/cwe-080', 'external/cwe/cwe-116', 'security']",Incomplete string escaping or encoding,js/incomplete-sanitization,CodeQL,2.20.5,refs/heads/master,open,73816ce0d77edd274da059e080e6ce6f761ef689,https://api.github.com/repos/mgil-lab-org/juice-shop/code-scanning/alerts/14/instances,mgil-lab-org/juice-shop,mgil-lab-org,Organization,False,https://github.com/mgil-lab-org/juice-shop,True,False
13,2025-02-28T18:57:04Z,https://github.com/mgil-lab-org/juice-shop/security/code-scanning/13,open,,,,,js/incomplete-sanitization,warning,high,"['correctness', 'external/cwe/cwe-020', 'external/cwe/cwe-080', 'external/cwe/cwe-116', 'security']",Incomplete string escaping or encoding,js/incomplete-sanitization,CodeQL,2.20.5,refs/heads/master,open,73816ce0d77edd274da059e080e6ce6f761ef689,https://api.github.com/repos/mgil-lab-org/juice-shop/code-scanning/alerts/13/instances,mgil-lab-org/juice-shop,mgil-lab-org,Organization,False,https://github.com/mgil-lab-org/juice-shop,True,False
12,2025-02-28T18:57:04Z,https://github.com/mgil-lab-org/juice-shop/security/code-scanning/12,open,,,,,js/incomplete-sanitization,warning,high,"['correctness', 'external/cwe/cwe-020', 'external/cwe/cwe-080', 'external/cwe/cwe-116', 'security']",Incomplete string escaping or encoding,js/incomplete-sanitization,CodeQL,2.20.5,refs/heads/master,open,73816ce0d77edd274da059e080e6ce6f761ef689,https://api.github.com/repos/mgil-lab-org/juice-shop/code-scanning/alerts/12/instances,mgil-lab-org/juice-shop,mgil-lab-org,Organization,False,https://github.com/mgil-lab-org/juice-shop,True,False
11,2025-02-28T18:57:04Z,https://github.com/mgil-lab-org/juice-shop/security/code-scanning/11,open,,,,,js/sql-injection,error,high,"['external/cwe/cwe-089', 'external/cwe/cwe-090', 'external/cwe/cwe-943', 'security']",Database query built from user-controlled sources,js/sql-injection,CodeQL,2.20.5,refs/heads/master,open,73816ce0d77edd274da059e080e6ce6f761ef689,https://api.github.com/repos/mgil-lab-org/juice-shop/code-scanning/alerts/11/instances,mgil-lab-org/juice-shop,mgil-lab-org,Organization,False,https://github.com/mgil-lab-org/juice-shop,True,False
10,2025-02-28T18:57:04Z,https://github.com/mgil-lab-org/juice-shop/security/code-scanning/10,open,,,,,js/sql-injection,error,high,"['external/cwe/cwe-089', 'external/cwe/cwe-090', 'external/cwe/cwe-943', 'security']",Database query built from user-controlled sources,js/sql-injection,CodeQL,2.20.5,refs/heads/master,open,73816ce0d77edd274da059e080e6ce6f761ef689,https://api.github.com/repos/mgil-lab-org/juice-shop/code-scanning/alerts/10/instances,mgil-lab-org/juice-shop,mgil-lab-org,Organization,False,https://github.com/mgil-lab-org/juice-shop,True,False
9,2025-02-28T18:57:04Z,https://github.com/mgil-lab-org/juice-shop/security/code-scanning/9,open,,,,,js/sql-injection,error,high,"['external/cwe/cwe-089', 'external/cwe/cwe-090', 'external/cwe/cwe-943', 'security']",Database query built from user-controlled sources,js/sql-injection,CodeQL,2.20.5,refs/heads/master,open,73816ce0d77edd274da059e080e6ce6f761ef689,https://api.github.com/repos/mgil-lab-org/juice-shop/code-scanning/alerts/9/instances,mgil-lab-org/juice-shop,mgil-lab-org,Organization,False,https://github.com/mgil-lab-org/juice-shop,True,False
8,2025-02-28T18:57:04Z,https://github.com/mgil-lab-org/juice-shop/security/code-scanning/8,open,,,,,js/sql-injection,error,high,"['external/cwe/cwe-089', 'external/cwe/cwe-090', 'external/cwe/cwe-943', 'security']",Database query built from user-controlled sources,js/sql-injection,CodeQL,2.20.5,refs/heads/master,open,73816ce0d77edd274da059e080e6ce6f761ef689,https://api.github.com/repos/mgil-lab-org/juice-shop/code-scanning/alerts/8/instances,mgil-lab-org/juice-shop,mgil-lab-org,Organization,False,https://github.com/mgil-lab-org/juice-shop,True,False
7,2025-02-28T18:57:04Z,https://github.com/mgil-lab-org/juice-shop/security/code-scanning/7,open,,,,,js/sql-injection,error,high,"['external/cwe/cwe-089', 'external/cwe/cwe-090', 'external/cwe/cwe-943', 'security']",Database query built from user-controlled sources,js/sql-injection,CodeQL,2.20.5,refs/heads/master,open,73816ce0d77edd274da059e080e6ce6f761ef689,https://api.github.com/repos/mgil-lab-org/juice-shop/code-scanning/alerts/7/instances,mgil-lab-org/juice-shop,mgil-lab-org,Organization,False,https://github.com/mgil-lab-org/juice-shop,True,False
6,2025-02-28T18:57:04Z,https://github.com/mgil-lab-org/juice-shop/security/code-scanning/6,open,,,,,js/sql-injection,error,high,"['external/cwe/cwe-089', 'external/cwe/cwe-090', 'external/cwe/cwe-943', 'security']",Database query built from user-controlled sources,js/sql-injection,CodeQL,2.20.5,refs/heads/master,open,73816ce0d77edd274da059e080e6ce6f761ef689,https://api.github.com/repos/mgil-lab-org/juice-shop/code-scanning/alerts/6/instances,mgil-lab-org/juice-shop,mgil-lab-org,Organization,False,https://github.com/mgil-lab-org/juice-shop,True,False
5,2025-02-28T18:57:04Z,https://github.com/mgil-lab-org/juice-shop/security/code-scanning/5,open,,,,,js/sql-injection,error,high,"['external/cwe/cwe-089', 'external/cwe/cwe-090', 'external/cwe/cwe-943', 'security']",Database query built from user-controlled sources,js/sql-injection,CodeQL,2.20.5,refs/heads/master,open,73816ce0d77edd274da059e080e6ce6f761ef689,https://api.github.com/repos/mgil-lab-org/juice-shop/code-scanning/alerts/5/instances,mgil-lab-org/juice-shop,mgil-lab-org,Organization,False,https://github.com/mgil-lab-org/juice-shop,True,False
4,2025-02-28T18:57:04Z,https://github.com/mgil-lab-org/juice-shop/security/code-scanning/4,open,,,,,js/prototype-polluting-assignment,warning,medium,"['external/cwe/cwe-078', 'external/cwe/cwe-079', 'external/cwe/cwe-094', 'external/cwe/cwe-400', 'external/cwe/cwe-471', 'external/cwe/cwe-915', 'security']",Prototype-polluting assignment,js/prototype-polluting-assignment,CodeQL,2.20.5,refs/heads/master,open,73816ce0d77edd274da059e080e6ce6f761ef689,https://api.github.com/repos/mgil-lab-org/juice-shop/code-scanning/alerts/4/instances,mgil-lab-org/juice-shop,mgil-lab-org,Organization,False,https://github.com/mgil-lab-org/juice-shop,True,False
3,2025-02-28T18:57:04Z,https://github.com/mgil-lab-org/juice-shop/security/code-scanning/3,open,,,,,js/code-injection,error,critical,"['external/cwe/cwe-079', 'external/cwe/cwe-094', 'external/cwe/cwe-095', 'external/cwe/cwe-116', 'security']",Code injection,js/code-injection,CodeQL,2.20.5,refs/heads/master,open,73816ce0d77edd274da059e080e6ce6f761ef689,https://api.github.com/repos/mgil-lab-org/juice-shop/code-scanning/alerts/3/instances,mgil-lab-org/juice-shop,mgil-lab-org,Organization,False,https://github.com/mgil-lab-org/juice-shop,True,False
2,2025-02-28T18:57:04Z,https://github.com/mgil-lab-org/juice-shop/security/code-scanning/2,open,,,,,js/code-injection,error,critical,"['external/cwe/cwe-079', 'external/cwe/cwe-094', 'external/cwe/cwe-095', 'external/cwe/cwe-116', 'security']",Code injection,js/code-injection,CodeQL,2.20.5,refs/heads/master,open,73816ce0d77edd274da059e080e6ce6f761ef689,https://api.github.com/repos/mgil-lab-org/juice-shop/code-scanning/alerts/2/instances,mgil-lab-org/juice-shop,mgil-lab-org,Organization,False,https://github.com/mgil-lab-org/juice-shop,True,False
1,2025-02-28T18:57:04Z,https://github.com/mgil-lab-org/juice-shop/security/code-scanning/1,open,,,,,js/polynomial-redos,warning,high,"['external/cwe/cwe-1333', 'external/cwe/cwe-400', 'external/cwe/cwe-730', 'security']",Polynomial regular expression used on uncontrolled data,js/polynomial-redos,CodeQL,2.20.5,refs/heads/master,open,73816ce0d77edd274da059e080e6ce6f761ef689,https://api.github.com/repos/mgil-lab-org/juice-shop/code-scanning/alerts/1/instances,mgil-lab-org/juice-shop,mgil-lab-org,Organization,False,https://github.com/mgil-lab-org/juice-shop,True,False
